{"color":{"r":0.8156862745098039,"b":0.9725490196078431,"g":0.9215686274509803,"a":1},"secondaryIndex":null,"name":"$cr-cyan-lighter","category":"Colors","index":14}