{"color":{"r":0.5490196078431373,"b":0.01176470588235294,"g":0.2627450980392157,"a":1},"name":"$cr-orange-dark","category":"Colors","index":20}