{"color":{"r":0.9764705882352941,"b":0.8196078431372549,"g":0.9294117647058824,"a":1},"name":"$cr-gold-ligther","category":"Colors","index":26}