{"color":{"r":0.9058823529411765,"b":0.9058823529411765,"g":0.9058823529411765,"a":1},"name":"$cr-gray-lighter","category":"Colors","index":5}