{"color":{"r":0.3019607843137255,"b":0.3019607843137255,"g":0.3019607843137255,"a":1},"name":"$cr-gray-dark","category":"Colors","index":2}