{"color":{"r":0.6470588235294118,"b":0.8,"g":0.7411764705882353,"a":1},"secondaryIndex":null,"name":"$cr-blue-light","category":"Colors","index":9}