{"color":{"r":0.9411764705882353,"b":0.5490196078431373,"g":0.8235294117647058,"a":1},"name":"$cr-gold-light","category":"Colors","index":25}