{"color":{"r":0.8588235294117647,"b":0.9176470588235294,"g":0.8941176470588235,"a":1},"secondaryIndex":null,"name":"$cr-blue-lighter","category":"Colors","index":10}