{"color":{"r":0.5450980392156862,"b":0.9294117647058824,"g":0.807843137254902,"a":1},"secondaryIndex":null,"name":"$cr-cyan-light","category":"Colors","index":13}