{"color":{"r":0.1686274509803922,"b":0.4117647058823529,"g":0.3176470588235294,"a":1},"secondaryIndex":null,"name":"$cr-blue-dark","category":"Colors","index":8}