{"color":{"r":0.7529411764705882,"b":0.01568627450980392,"g":0.3607843137254902,"a":1},"name":"$cr-orange","category":"Colors","index":19}