{"color":{"r":0.6392156862745098,"b":0.01568627450980392,"g":0.4509803921568628,"a":1},"name":"$cr-gold-dark","category":"Colors","index":24}