{"color":{"r":0.4156862745098039,"b":0.8,"g":0.7372549019607844,"a":1},"secondaryIndex":null,"name":"$brand-info","category":"Colors","index":29}