{"color":{"r":0.8862745098039215,"b":0.5490196078431373,"g":0.7058823529411764,"a":1},"name":"$cr-orange-light","category":"Colors","index":21}