{"color":{"r":0.08235294117647059,"b":0.08235294117647059,"g":0.08235294117647059,"a":1},"name":"$cr-gray-darker","category":"Colors","index":1}