{"color":{"r":0.2549019607843137,"b":0.4823529411764706,"g":0.5019607843137255,"a":1},"name":"$cr-teal-dark","category":"Colors","index":16}