{"color":{"r":0,"b":0.8509803921568627,"g":0.5843137254901961,"a":1},"secondaryIndex":null,"name":"$cr-cyan","category":"Colors","index":11}