{"color":{"r":0.9529411764705882,"b":0.8196078431372549,"g":0.8823529411764706,"a":1},"name":"$cr-orange-lighter","category":"Colors","index":22}