{"color":{"r":0,"b":0.6196078431372549,"g":0.4274509803921568,"a":1},"secondaryIndex":null,"name":"$cr-cyan-dark","category":"Colors","index":12}