{"color":{"r":0.8784313725490196,"b":0.02352941176470588,"g":0.6196078431372549,"a":1},"name":"$cr-gold","category":"Colors","index":23}