{"color":{"r":0.2784313725490196,"b":0.7019607843137254,"g":0.5333333333333333,"a":1},"name":"$brand-primary","category":"Colors","index":27}