{"color":{"r":0.4156862745098039,"b":0.5764705882352941,"g":0.8,"a":1},"secondaryIndex":null,"name":"$brand-success","category":"Colors","index":28}