{"color":{"r":0.8784313725490196,"b":0.9372549019607843,"g":0.9411764705882353,"a":1},"name":"$cr-teal-lighter","category":"Colors","index":18}