{"color":{"r":0.592156862745098,"b":0.592156862745098,"g":0.592156862745098,"a":1},"name":"$cr-gray-light","category":"Colors","index":4}