{"color":{"r":0.4509803921568628,"b":0.4509803921568628,"g":0.4509803921568628,"a":1},"name":"$cr-gray","category":"Colors","index":3}