{"color":{"r":0.7019607843137254,"b":0.8431372549019608,"g":0.8549019607843137,"a":1},"name":"$cr-teal-light","category":"Colors","index":17}