{"color":{"r":0.2313725490196079,"b":0.5607843137254902,"g":0.4313725490196079,"a":1},"secondaryIndex":null,"name":"$cr-blue","category":"Colors","index":7}