{"color":{"r":0.3411764705882353,"b":0.6627450980392157,"g":0.6862745098039216,"a":1},"name":"$cr-teal","category":"Colors","index":15}